Module,Learning target,Rank,Textbook,Author(s),Role,Level,Why it made the cut,Amazon search,Legal full/open text,Access status,Best free companion
1,Mathematical reasoning,1,How to Prove It: A Structured Approach,Daniel J. Velleman,Primary spine,Undergraduate,"The cleanest transition from calculation to proof: logic, quantifiers, sets, functions, relations, induction, proof construction.",https://www.amazon.com/s?k=How+to+Prove+It%3A+A+Structured+Approach+Daniel+J.+Velleman,,No legal full text located,https://richardhammack.github.io/BookOfProof/
1,Mathematical reasoning,2,Book of Proof,Richard Hammack,Open primary / practice,Undergraduate,Excellent proof apprenticeship with abundant exercises; unusually strong legal free option.,https://www.amazon.com/s?k=Book+of+Proof+Richard+Hammack,https://richardhammack.github.io/BookOfProof/,Full open text,https://richardhammack.github.io/BookOfProof/
1,Mathematical reasoning,3,Mathematical Proofs: A Transition to Advanced Mathematics,"Gary Chartrand, Albert D. Polimeni, Ping Zhang",Depth,Undergraduate,Broad proof toolkit with a conventional course structure; useful for systematic drill.,https://www.amazon.com/s?k=Mathematical+Proofs%3A+A+Transition+to+Advanced+Mathematics+Gary+Chartrand%2C+Albert+D.+Polimeni%2C+Ping+Zhang,,No legal full text located,https://richardhammack.github.io/BookOfProof/
1,Mathematical reasoning,4,How to Read and Do Proofs,Daniel Solow,Technique,Undergraduate,Compact and methodical; good for learning proof moves and debugging failed arguments.,https://www.amazon.com/s?k=How+to+Read+and+Do+Proofs+Daniel+Solow,,No legal full text located,https://richardhammack.github.io/BookOfProof/
1,Mathematical reasoning,5,Proofs: A Long-Form Mathematics Textbook,Jay Cummings,Alternate voice,Undergraduate,Conversational but rigorous; strong for independent learners who need motivation plus many examples.,https://www.amazon.com/s?k=Proofs%3A+A+Long-Form+Mathematics+Textbook+Jay+Cummings,,No legal full text located,https://richardhammack.github.io/BookOfProof/
2,Linear algebra,1,Introduction to Linear Algebra,Gilbert Strang,Primary spine,Undergraduate,"Geometric, computational, and applications-oriented; unusually good bridge into engineering, ML, inverse problems, and numerical methods.",https://www.amazon.com/s?k=Introduction+to+Linear+Algebra+Gilbert+Strang,,No legal full text located,https://stanford.edu/~boyd/vmls/
2,Linear algebra,2,"Linear Algebra Done Right, 4th ed.",Sheldon Axler,Rigor / second pass,Upper undergraduate,"Makes invariant subspaces, operators, eigenstructure, and spectral thinking conceptually clean.",https://www.amazon.com/s?k=Linear+Algebra+Done+Right%2C+4th+ed.+Sheldon+Axler,https://linear.axler.net/,Full open current edition,https://linear.axler.net/
2,Linear algebra,3,"Introduction to Applied Linear Algebra: Vectors, Matrices, and Least Squares","Stephen Boyd, Lieven Vandenberghe",Applied bridge,Undergraduate,"Excellent for least squares, modeling, data, estimation, and optimization; directly useful in modern engineering.",https://www.amazon.com/s?k=Introduction+to+Applied+Linear+Algebra%3A+Vectors%2C+Matrices%2C+and+Least+Squares+Stephen+Boyd%2C+Lieven+Vandenberghe,https://stanford.edu/~boyd/vmls/,Full legal web/PDF,https://stanford.edu/~boyd/vmls/
2,Linear algebra,4,Linear Algebra,Jim Hefferon,Open drill,Undergraduate,Proof-capable first course with extensive worked solutions and computational applications.,https://www.amazon.com/s?k=Linear+Algebra+Jim+Hefferon,https://hefferon.net/linearalgebra/,Full open text,https://hefferon.net/linearalgebra/
2,Linear algebra,5,A First Course in Linear Algebra,Robert A. Beezer,Open reference,Undergraduate,"Broad, formal, and exercise-rich; valuable as a second source when one explanation does not click.",https://www.amazon.com/s?k=A+First+Course+in+Linear+Algebra+Robert+A.+Beezer,https://linear.ups.edu/,Full open text,https://linear.ups.edu/
3,Calculus + vector calculus,1,"Calculus, Volumes I–II",Tom M. Apostol,Primary rigorous spine,Undergraduate,"Treats calculus as a mathematical theory tied to linear algebra and physics, not a bag of tricks.",https://www.amazon.com/s?k=Calculus%2C+Volumes+I%E2%80%93II+Tom+M.+Apostol,,No legal full text located,https://openstax.org/details/books/calculus-volume-1
3,Calculus + vector calculus,2,Calculus,Michael Spivak,Proof-oriented depth,Undergraduate,For understanding why single-variable calculus works; develops mathematical maturity.,https://www.amazon.com/s?k=Calculus+Michael+Spivak,,No legal full text located,https://openstax.org/details/books/calculus-volume-1
3,Calculus + vector calculus,3,"Vector Calculus, Linear Algebra, and Differential Forms: A Unified Approach","John H. Hubbard, Barbara Burke Hubbard",Multivariable / geometry,Upper undergraduate,"Unifies derivatives, manifolds, forms, and linear algebra in a way that transfers directly to physics and control.",https://www.amazon.com/s?k=Vector+Calculus%2C+Linear+Algebra%2C+and+Differential+Forms%3A+A+Unified+Approach+John+H.+Hubbard%2C+Barbara+Burke+Hubbard,,No legal full text located,https://activecalculus.org/acm/
3,Calculus + vector calculus,4,"Calculus, Volumes 1–3",OpenStax,Open primary,Undergraduate,Complete standard sequence with a legal free web/PDF edition and large problem sets.,https://www.amazon.com/s?k=Calculus%2C+Volumes+1%E2%80%933+OpenStax,https://openstax.org/details/books/calculus-volume-1,Full open text,https://openstax.org/details/books/calculus-volume-1
3,Calculus + vector calculus,5,Active Calculus: Single Variable + Multivariable,Matthew Boelkins et al.,Open active-learning path,Undergraduate,"Built around doing mathematics, explaining, and solving problems rather than passive reading.",https://www.amazon.com/s?k=Active+Calculus%3A+Single+Variable+%2B+Multivariable+Matthew+Boelkins+et+al.,https://activecalculus.org/,Full open text,https://activecalculus.org/
4,ODEs + dynamical systems,1,Nonlinear Dynamics and Chaos,Steven H. Strogatz,Primary spine,Undergraduate / graduate,"The best broad entry into phase lines, fixed points, oscillation, bifurcation, chaos, and qualitative modeling.",https://www.amazon.com/s?k=Nonlinear+Dynamics+and+Chaos+Steven+H.+Strogatz,,No legal full text located,https://www.jirka.org/diffyqs/
4,ODEs + dynamical systems,2,"Differential Equations, Dynamical Systems, and an Introduction to Chaos","Morris W. Hirsch, Stephen Smale, Robert L. Devaney",Geometric depth,Upper undergraduate,"Develops dynamical systems as geometry and structure, not only equation solving.",https://www.amazon.com/s?k=Differential+Equations%2C+Dynamical+Systems%2C+and+an+Introduction+to+Chaos+Morris+W.+Hirsch%2C+Stephen+Smale%2C+Robert+L.+Devaney,,No legal full text located,https://www.mat.univie.ac.at/~gerald/ftp/book-ode/
4,ODEs + dynamical systems,3,Ordinary Differential Equations and Dynamical Systems,Gerald Teschl,Rigorous open depth,Upper undergraduate / graduate,"A serious bridge from existence/uniqueness through stability, manifolds, periodic orbits, and chaos.",https://www.amazon.com/s?k=Ordinary+Differential+Equations+and+Dynamical+Systems+Gerald+Teschl,https://www.mat.univie.ac.at/~gerald/ftp/book-ode/,Full legal author/AMS PDF,https://www.mat.univie.ac.at/~gerald/ftp/book-ode/
4,ODEs + dynamical systems,4,Elementary Differential Equations and Boundary Value Problems,"William E. Boyce, Richard C. DiPrima, Douglas B. Meade",Standard methods,Undergraduate,"Reliable coverage of classical ODE methods, systems, series, Laplace methods, and boundary-value problems.",https://www.amazon.com/s?k=Elementary+Differential+Equations+and+Boundary+Value+Problems+William+E.+Boyce%2C+Richard+C.+DiPrima%2C+Douglas+B.+Meade,,No legal full text located,https://www.jirka.org/diffyqs/
4,ODEs + dynamical systems,5,Notes on Diffy Qs: Differential Equations for Engineers,Jiří Lebl,Open engineering path,Undergraduate,"Excellent free engineering-oriented text including systems, nonlinear equations, and introductory PDEs.",https://www.amazon.com/s?k=Notes+on+Diffy+Qs%3A+Differential+Equations+for+Engineers+Ji%C5%99%C3%AD+Lebl,https://www.jirka.org/diffyqs/,Full open text,https://www.jirka.org/diffyqs/
5,PDEs + transport,1,Partial Differential Equations: An Introduction,Walter A. Strauss,Primary spine,Upper undergraduate,"Excellent first serious treatment of waves, diffusion, Laplace equations, Fourier methods, and characteristics.",https://www.amazon.com/s?k=Partial+Differential+Equations%3A+An+Introduction+Walter+A.+Strauss,,No legal full text located,https://www.math.ucdavis.edu/~hunter/pdes/pdes.html
5,PDEs + transport,2,Partial Differential Equations,Lawrence C. Evans,Rigor / reference,Graduate,"The modern graduate standard for weak solutions, Sobolev methods, elliptic/parabolic/hyperbolic PDEs, and nonlinear PDEs.",https://www.amazon.com/s?k=Partial+Differential+Equations+Lawrence+C.+Evans,,No legal full text located,https://www.math.ucdavis.edu/~hunter/pdes/pdes.html
5,PDEs + transport,3,Applied Partial Differential Equations with Fourier Series and Boundary Value Problems,Richard Haberman,Applications,Undergraduate,"Strong engineering/science treatment of separation of variables, transforms, and physical boundary-value problems.",https://www.amazon.com/s?k=Applied+Partial+Differential+Equations+with+Fourier+Series+and+Boundary+Value+Problems+Richard+Haberman,,No legal full text located,https://www.math.ucdavis.edu/~hunter/pdes/pdes.html
5,PDEs + transport,4,Applied Partial Differential Equations,J. David Logan,Modeling,Undergraduate / graduate,"Connects PDE forms to transport, conservation, diffusion, waves, and real applied models.",https://www.amazon.com/s?k=Applied+Partial+Differential+Equations+J.+David+Logan,,No legal full text located,https://www.math.ucdavis.edu/~hunter/pdes/pdes.html
5,PDEs + transport,5,Partial Differential Equations for Scientists and Engineers,Stanley J. Farlow,Problem-solving,Undergraduate,Compact and practical introduction to the major PDE families and classical solution techniques.,https://www.amazon.com/s?k=Partial+Differential+Equations+for+Scientists+and+Engineers+Stanley+J.+Farlow,,No legal full text located,https://www.math.ucdavis.edu/~hunter/pdes/pdes.html
6,Probability,1,Introduction to Probability,"Joseph K. Blitzstein, Jessica Hwang",Primary spine,Undergraduate,"Exceptional conceptual training in conditioning, counting, random variables, expectation, and probabilistic thinking.",https://www.amazon.com/s?k=Introduction+to+Probability+Joseph+K.+Blitzstein%2C+Jessica+Hwang,https://probabilitybook.net/,Free legal online materials / edition,https://probabilitybook.net/
6,Probability,2,Introduction to Probability,"Dimitri P. Bertsekas, John N. Tsitsiklis",Engineering rigor,Undergraduate,"Compact, precise, and especially good for conditional probability, random processes, and engineering applications.",https://www.amazon.com/s?k=Introduction+to+Probability+Dimitri+P.+Bertsekas%2C+John+N.+Tsitsiklis,,No legal full text located,https://probabilitybook.net/
6,Probability,3,A First Course in Probability,Sheldon Ross,Exercise bank,Undergraduate,"Large, standard problem repertoire; useful for acquiring speed and fluency.",https://www.amazon.com/s?k=A+First+Course+in+Probability+Sheldon+Ross,,No legal full text located,https://probabilitybook.net/
6,Probability,4,Probability and Random Processes,"Geoffrey Grimmett, David Stirzaker",Depth,Upper undergraduate,Strong transition from elementary probability into stochastic processes and rigorous probabilistic modeling.,https://www.amazon.com/s?k=Probability+and+Random+Processes+Geoffrey+Grimmett%2C+David+Stirzaker,,No legal full text located,https://probabilitybook.net/
6,Probability,5,Introduction to Probability,"Charles M. Grinstead, J. Laurie Snell",Open classic,Undergraduate,Classic free text with simulation-flavored intuition and many exercises.,https://www.amazon.com/s?k=Introduction+to+Probability+Charles+M.+Grinstead%2C+J.+Laurie+Snell,https://math.dartmouth.edu/~prob/prob/prob.pdf,Full open text,https://math.dartmouth.edu/~prob/prob/prob.pdf
7,Statistics + causal inference,1,Causal Inference: What If,"Miguel A. Hernán, James M. Robins",Causal primary spine,Graduate / advanced undergraduate,"The most important rigorous bridge from observational data to intervention questions; defines targets, identification, bias, and causal estimation.",https://www.amazon.com/s?k=Causal+Inference%3A+What+If+Miguel+A.+Hern%C3%A1n%2C+James+M.+Robins,https://www.hsph.harvard.edu/miguel-hernan/causal-inference-book/,Full legal author PDF,https://www.hsph.harvard.edu/miguel-hernan/causal-inference-book/
7,Statistics + causal inference,2,Regression and Other Stories,"Andrew Gelman, Jennifer Hill, Aki Vehtari",Applied statistics spine,Undergraduate / graduate,"Excellent model-building habits: regression, uncertainty, checking, transformations, and interpretation.",https://www.amazon.com/s?k=Regression+and+Other+Stories+Andrew+Gelman%2C+Jennifer+Hill%2C+Aki+Vehtari,,No legal full text located,https://theeffectbook.net/
7,Statistics + causal inference,3,All of Statistics: A Concise Course in Statistical Inference,Larry Wasserman,Theory compact,Graduate / advanced undergraduate,"Dense survey of estimation, testing, regression, Bayesian ideas, bootstrap, density estimation, and learning.",https://www.amazon.com/s?k=All+of+Statistics%3A+A+Concise+Course+in+Statistical+Inference+Larry+Wasserman,,No legal full text located,https://theeffectbook.net/
7,Statistics + causal inference,4,The Effect: An Introduction to Research Design and Causality,Nick Huntington-Klein,Open causal intuition,Undergraduate,Very strong bridge from identification ideas to real research designs; free web version remains legally available.,https://www.amazon.com/s?k=The+Effect%3A+An+Introduction+to+Research+Design+and+Causality+Nick+Huntington-Klein,https://theeffectbook.net/,Full legal web edition,https://theeffectbook.net/
7,Statistics + causal inference,5,Causal Inference: The Mixtape,Scott Cunningham,Empirical designs,Undergraduate / graduate,"Hands-on treatment of DAGs, regression, matching, IV, diff-in-diff, RDD, and synthetic control.",https://www.amazon.com/s?k=Causal+Inference%3A+The+Mixtape+Scott+Cunningham,https://mixtape.scunning.com/,Full legal web edition,https://mixtape.scunning.com/
8,Optimization,1,Convex Optimization,"Stephen Boyd, Lieven Vandenberghe",Primary spine,Upper undergraduate / graduate,"The canonical modern text for convexity, duality, KKT conditions, modeling, algorithms, and engineering applications.",https://www.amazon.com/s?k=Convex+Optimization+Stephen+Boyd%2C+Lieven+Vandenberghe,https://web.stanford.edu/~boyd/cvxbook/,Full legal web/PDF,https://web.stanford.edu/~boyd/cvxbook/
8,Optimization,2,Numerical Optimization,"Jorge Nocedal, Stephen J. Wright",Algorithms / depth,Graduate,"Core reference for line search, trust region, quasi-Newton, constrained methods, and large-scale numerical optimization.",https://www.amazon.com/s?k=Numerical+Optimization+Jorge+Nocedal%2C+Stephen+J.+Wright,,No legal full text located,https://algorithmsbook.com/optimization/
8,Optimization,3,Nonlinear Programming,Dimitri P. Bertsekas,Nonlinear depth,Graduate,"Deep treatment of constrained nonlinear optimization, duality, and algorithmic convergence.",https://www.amazon.com/s?k=Nonlinear+Programming+Dimitri+P.+Bertsekas,,No legal full text located,https://algorithmsbook.com/optimization/
8,Optimization,4,Introduction to Linear Optimization,"Dimitris Bertsimas, John N. Tsitsiklis",Linear / combinatorial foundation,Upper undergraduate / graduate,"Excellent foundations in LP, duality, simplex/interior methods, and discrete optimization thinking.",https://www.amazon.com/s?k=Introduction+to+Linear+Optimization+Dimitris+Bertsimas%2C+John+N.+Tsitsiklis,,No legal full text located,https://algorithmsbook.com/optimization/
8,Optimization,5,Algorithms for Optimization,"Mykel J. Kochenderfer, Tim A. Wheeler",Open computational path,Undergraduate / graduate,"Broad, implementation-oriented survey from gradient methods to stochastic and global optimization.",https://www.amazon.com/s?k=Algorithms+for+Optimization+Mykel+J.+Kochenderfer%2C+Tim+A.+Wheeler,https://algorithmsbook.com/optimization/,Full legal PDF / web,https://algorithmsbook.com/optimization/
9,Control + estimation,1,Feedback Systems: An Introduction for Scientists and Engineers,"Karl J. Åström, Richard M. Murray",Primary spine,Upper undergraduate,"A superb modern foundation in feedback, state space, frequency response, robustness, stability, design, and biological/engineering examples.",https://www.amazon.com/s?k=Feedback+Systems%3A+An+Introduction+for+Scientists+and+Engineers+Karl+J.+%C3%85str%C3%B6m%2C+Richard+M.+Murray,https://fbswiki.org/,Full legal web/PDF,https://fbswiki.org/
9,Control + estimation,2,Modern Control Engineering,Katsuhiko Ogata,Classical methods,Undergraduate,"Comprehensive classical control text with transfer functions, root locus, frequency methods, state-space design, and examples.",https://www.amazon.com/s?k=Modern+Control+Engineering+Katsuhiko+Ogata,,No legal full text located,https://fbswiki.org/
9,Control + estimation,3,Feedback Control of Dynamic Systems,"Gene F. Franklin, J. David Powell, Abbas Emami-Naeini",Engineering practice,Undergraduate,Strong design-oriented control treatment with realistic engineering examples and system intuition.,https://www.amazon.com/s?k=Feedback+Control+of+Dynamic+Systems+Gene+F.+Franklin%2C+J.+David+Powell%2C+Abbas+Emami-Naeini,,No legal full text located,https://fbswiki.org/
9,Control + estimation,4,Optimal State Estimation,Dan Simon,Estimation depth,Graduate / professional,"A practical deep treatment of Kalman filters, nonlinear estimation, smoothing, and implementation issues.",https://www.amazon.com/s?k=Optimal+State+Estimation+Dan+Simon,,No legal full text located,https://fbswiki.org/
9,Control + estimation,5,Applied Nonlinear Control,"Jean-Jacques E. Slotine, Weiping Li",Nonlinear control,Graduate,"Classic route into Lyapunov methods, nonlinear feedback, adaptive control, and robotics-oriented control.",https://www.amazon.com/s?k=Applied+Nonlinear+Control+Jean-Jacques+E.+Slotine%2C+Weiping+Li,,No legal full text located,https://fbswiki.org/
10,Information + signals,1,Elements of Information Theory,"Thomas M. Cover, Joy A. Thomas",Information theory spine,Graduate / advanced undergraduate,"Canonical treatment of entropy, mutual information, source/channel coding, typicality, rate-distortion, and network information.",https://www.amazon.com/s?k=Elements+of+Information+Theory+Thomas+M.+Cover%2C+Joy+A.+Thomas,,No legal full text located,https://www.inference.org.uk/itprnn/book.html
10,Information + signals,2,Signals and Systems,"Alan V. Oppenheim, Alan S. Willsky, S. Hamid Nawab",Signals spine,Undergraduate,"Core continuous/discrete LTI thinking, convolution, Fourier/Laplace/Z transforms, sampling, feedback, and state-space.",https://www.amazon.com/s?k=Signals+and+Systems+Alan+V.+Oppenheim%2C+Alan+S.+Willsky%2C+S.+Hamid+Nawab,,No legal full text located,https://ocw.mit.edu/courses/res-6-dtsp-discrete-time-signal-processing/
10,Information + signals,3,"Discrete-Time Signal Processing, 3rd ed.","Alan V. Oppenheim, Ronald W. Schafer",DSP depth,Upper undergraduate / graduate,"Canonical discrete-time filtering, transforms, spectral analysis, and multirate signal processing; full 3rd edition is now on MIT OCW.",https://www.amazon.com/s?k=Discrete-Time+Signal+Processing%2C+3rd+ed.+Alan+V.+Oppenheim%2C+Ronald+W.+Schafer,https://ocw.mit.edu/courses/res-6-dtsp-discrete-time-signal-processing/,Full open current edition,https://ocw.mit.edu/courses/res-6-dtsp-discrete-time-signal-processing/
10,Information + signals,4,"Information Theory, Inference, and Learning Algorithms",David J. C. MacKay,Inference bridge,Graduate / advanced undergraduate,"Beautiful unification of coding, Bayesian inference, statistical physics, and learning.",https://www.amazon.com/s?k=Information+Theory%2C+Inference%2C+and+Learning+Algorithms+David+J.+C.+MacKay,https://www.inference.org.uk/itprnn/book.html,Full legal author-hosted text,https://www.inference.org.uk/itprnn/book.html
10,Information + signals,5,"Fundamentals of Statistical Signal Processing, Vol. I: Estimation Theory",Steven M. Kay,Estimation reference,Graduate,"Core estimation bounds, MLE/MAP, linear models, Bayesian estimators, and signal-parameter inference.",https://www.amazon.com/s?k=Fundamentals+of+Statistical+Signal+Processing%2C+Vol.+I%3A+Estimation+Theory+Steven+M.+Kay,,No legal full text located,https://ocw.mit.edu/courses/res-6-dtsp-discrete-time-signal-processing/
11,Algorithms + software systems,1,Introduction to Algorithms,"Thomas H. Cormen, Charles E. Leiserson, Ronald L. Rivest, Clifford Stein",Algorithms reference,Undergraduate / graduate,"The broad reference for data structures, graph algorithms, dynamic programming, greedy methods, randomized algorithms, and complexity.",https://www.amazon.com/s?k=Introduction+to+Algorithms+Thomas+H.+Cormen%2C+Charles+E.+Leiserson%2C+Ronald+L.+Rivest%2C+Clifford+Stein,,No legal full text located,https://pages.cs.wisc.edu/~remzi/OSTEP/
11,Algorithms + software systems,2,Computer Systems: A Programmer's Perspective,"Randal E. Bryant, David R. O'Hallaron",Systems spine,Undergraduate,"Explains what software actually runs on: machine code, memory, caches, linking, processes, virtual memory, I/O, networking, concurrency.",https://www.amazon.com/s?k=Computer+Systems%3A+A+Programmer%27s+Perspective+Randal+E.+Bryant%2C+David+R.+O%27Hallaron,,No legal full text located,https://pages.cs.wisc.edu/~remzi/OSTEP/
11,Algorithms + software systems,3,Operating Systems: Three Easy Pieces,"Remzi H. Arpaci-Dusseau, Andrea C. Arpaci-Dusseau",Open OS spine,Undergraduate,"Conceptually clean treatment of virtualization, concurrency, persistence, and security, with projects and simulators.",https://www.amazon.com/s?k=Operating+Systems%3A+Three+Easy+Pieces+Remzi+H.+Arpaci-Dusseau%2C+Andrea+C.+Arpaci-Dusseau,https://pages.cs.wisc.edu/~remzi/OSTEP/,Free legal online chapters,https://pages.cs.wisc.edu/~remzi/OSTEP/
11,Algorithms + software systems,4,Structure and Interpretation of Computer Programs,"Harold Abelson, Gerald Jay Sussman, Julie Sussman",Abstraction / computation,Undergraduate,"Trains compositional thinking, interpreters, abstraction, state, streams, metalinguistic abstraction, and computational models.",https://www.amazon.com/s?k=Structure+and+Interpretation+of+Computer+Programs+Harold+Abelson%2C+Gerald+Jay+Sussman%2C+Julie+Sussman,https://mitpress.mit.edu/9780262510875/structure-and-interpretation-of-computer-programs/,Full open edition,https://mitpress.mit.edu/9780262510875/structure-and-interpretation-of-computer-programs/
11,Algorithms + software systems,5,Designing Data-Intensive Applications,Martin Kleppmann,Modern distributed systems,Professional / upper undergraduate,"Excellent synthesis of storage, replication, partitioning, streams, consistency, transactions, and distributed-data tradeoffs.",https://www.amazon.com/s?k=Designing+Data-Intensive+Applications+Martin+Kleppmann,,No legal full text located,https://pages.cs.wisc.edu/~remzi/OSTEP/
12,Scientific computing,1,Numerical Linear Algebra,"Lloyd N. Trefethen, David Bau III",Primary spine,Upper undergraduate / graduate,"Short, deep, and essential: conditioning, stability, QR, eigenproblems, Krylov methods, and the numerical meaning of linear algebra.",https://www.amazon.com/s?k=Numerical+Linear+Algebra+Lloyd+N.+Trefethen%2C+David+Bau+III,,No legal full text located,https://fncbook.com/
12,Scientific computing,2,Accuracy and Stability of Numerical Algorithms,Nicholas J. Higham,Numerical reliability,Graduate,"The definitive mindset for rounding error, conditioning, backward error, and why mathematically correct algorithms fail numerically.",https://www.amazon.com/s?k=Accuracy+and+Stability+of+Numerical+Algorithms+Nicholas+J.+Higham,,No legal full text located,https://fncbook.com/
12,Scientific computing,3,Scientific Computing: An Introductory Survey,Michael T. Heath,Broad reference,Upper undergraduate,"Wide-ranging treatment of numerical algebra, interpolation, integration, ODEs, PDEs, optimization, and computational tradeoffs.",https://www.amazon.com/s?k=Scientific+Computing%3A+An+Introductory+Survey+Michael+T.+Heath,,No legal full text located,https://fncbook.com/
12,Scientific computing,4,Numerical Analysis,Timothy Sauer,Methods / practice,Undergraduate,Accessible and comprehensive numerical methods with strong computational orientation.,https://www.amazon.com/s?k=Numerical+Analysis+Timothy+Sauer,,No legal full text located,https://fncbook.com/
12,Scientific computing,5,Fundamentals of Numerical Computation,"Tobin A. Driscoll, Richard J. Braun",Open computational spine,Undergraduate,"Excellent interactive open text spanning conditioning, linear systems, approximation, integration, ODEs, BVPs, and PDEs.",https://www.amazon.com/s?k=Fundamentals+of+Numerical+Computation+Tobin+A.+Driscoll%2C+Richard+J.+Braun,https://fncbook.com/,Full open web text,https://fncbook.com/
13,Mechanics + electromagnetism,1,Classical Mechanics,John R. Taylor,Mechanics spine,Undergraduate,"Clear route from Newtonian mechanics through oscillations, central forces, noninertial frames, Lagrangian and Hamiltonian methods.",https://www.amazon.com/s?k=Classical+Mechanics+John+R.+Taylor,,No legal full text located,https://www.feynmanlectures.caltech.edu/
13,Mechanics + electromagnetism,2,Introduction to Electrodynamics,David J. Griffiths,E&M spine,Undergraduate,"The standard conceptual route through vector calculus, electrostatics, magnetostatics, Maxwell's equations, waves, radiation, and relativity.",https://www.amazon.com/s?k=Introduction+to+Electrodynamics+David+J.+Griffiths,,No legal full text located,https://www.feynmanlectures.caltech.edu/
13,Mechanics + electromagnetism,3,Electricity and Magnetism,"Edward M. Purcell, David J. Morin",E&M depth / relativity,Undergraduate,Builds field intuition and connects magnetism to relativity unusually well.,https://www.amazon.com/s?k=Electricity+and+Magnetism+Edward+M.+Purcell%2C+David+J.+Morin,,No legal full text located,https://www.feynmanlectures.caltech.edu/
13,Mechanics + electromagnetism,4,An Introduction to Mechanics,"Daniel Kleppner, Robert Kolenkow",Mechanics problem depth,Undergraduate,Challenging mechanics problems that build genuine physical modeling ability.,https://www.amazon.com/s?k=An+Introduction+to+Mechanics+Daniel+Kleppner%2C+Robert+Kolenkow,,No legal full text located,https://www.feynmanlectures.caltech.edu/
13,Mechanics + electromagnetism,5,"University Physics, Volumes 1–3",OpenStax,Open comprehensive path,Undergraduate,"Legally free calculus-based physics sequence covering mechanics, waves, thermo, E&M, optics, relativity, quantum, and modern physics.",https://www.amazon.com/s?k=University+Physics%2C+Volumes+1%E2%80%933+OpenStax,https://openstax.org/details/books/university-physics-volume-1,Full open text,https://openstax.org/details/books/university-physics-volume-1
14,Thermodynamics + statistical mechanics,1,An Introduction to Thermal Physics,Daniel V. Schroeder,Primary spine,Undergraduate,"Best first serious thermal text for entropy, free energy, chemical potential, partition functions, quantum statistics, and real physical intuition.",https://www.amazon.com/s?k=An+Introduction+to+Thermal+Physics+Daniel+V.+Schroeder,,No legal full text located,https://www.damtp.cam.ac.uk/user/tong/kintheory/
14,Thermodynamics + statistical mechanics,2,Thermodynamics and an Introduction to Thermostatistics,Herbert B. Callen,Thermodynamic structure,Graduate / advanced undergraduate,"Axiomatic, elegant account of thermodynamics, equilibrium, potentials, stability, and Legendre transforms.",https://www.amazon.com/s?k=Thermodynamics+and+an+Introduction+to+Thermostatistics+Herbert+B.+Callen,,No legal full text located,https://www.damtp.cam.ac.uk/user/tong/kintheory/
14,Thermodynamics + statistical mechanics,3,Fundamentals of Statistical and Thermal Physics,Frederick Reif,Statistical mechanics depth,Upper undergraduate,Classic text connecting microscopic statistics to macroscopic thermodynamics with careful derivations.,https://www.amazon.com/s?k=Fundamentals+of+Statistical+and+Thermal+Physics+Frederick+Reif,,No legal full text located,https://www.damtp.cam.ac.uk/user/tong/kintheory/
14,Thermodynamics + statistical mechanics,4,Thermal Physics,"Charles Kittel, Herbert Kroemer",Compact advanced text,Upper undergraduate,"Dense, elegant treatment of entropy, temperature, chemical potential, and statistical mechanics.",https://www.amazon.com/s?k=Thermal+Physics+Charles+Kittel%2C+Herbert+Kroemer,,No legal full text located,https://www.damtp.cam.ac.uk/user/tong/kintheory/
14,Thermodynamics + statistical mechanics,5,Statistical Mechanics,"R. K. Pathria, Paul D. Beale",Graduate reference,Graduate,"Comprehensive graduate reference for ensembles, quantum statistics, phase transitions, and interacting systems.",https://www.amazon.com/s?k=Statistical+Mechanics+R.+K.+Pathria%2C+Paul+D.+Beale,,No legal full text located,https://www.damtp.cam.ac.uk/user/tong/kintheory/
15,Quantum + condensed matter,1,Introduction to Quantum Mechanics,"David J. Griffiths, Darrell F. Schroeter",Quantum primary spine,Undergraduate,"Standard first serious quantum text: wave mechanics, formalism, angular momentum, identical particles, perturbation, scattering.",https://www.amazon.com/s?k=Introduction+to+Quantum+Mechanics+David+J.+Griffiths%2C+Darrell+F.+Schroeter,,No legal full text located,https://www.damtp.cam.ac.uk/user/tong/quantum.html
15,Quantum + condensed matter,2,Principles of Quantum Mechanics,R. Shankar,Conceptual / mathematical depth,Upper undergraduate / graduate,Deep development of Hilbert-space formalism with substantial classical-mechanics and mathematical preparation.,https://www.amazon.com/s?k=Principles+of+Quantum+Mechanics+R.+Shankar,,No legal full text located,https://www.damtp.cam.ac.uk/user/tong/quantum.html
15,Quantum + condensed matter,3,Modern Quantum Mechanics,"J. J. Sakurai, Jim Napolitano",Graduate quantum,Graduate,"Canonical graduate route into symmetry, angular momentum, approximation, scattering, and relativistic quantum mechanics.",https://www.amazon.com/s?k=Modern+Quantum+Mechanics+J.+J.+Sakurai%2C+Jim+Napolitano,,No legal full text located,https://www.damtp.cam.ac.uk/user/tong/topicsinqm.html
15,Quantum + condensed matter,4,Introduction to Solid State Physics,Charles Kittel,Condensed-matter spine,Upper undergraduate,"Classic entry into crystal structures, phonons, electrons, semiconductors, magnetism, superconductivity, and solids.",https://www.amazon.com/s?k=Introduction+to+Solid+State+Physics+Charles+Kittel,,No legal full text located,https://www.damtp.cam.ac.uk/user/tong/aqm.html
15,Quantum + condensed matter,5,Solid State Physics,"Neil W. Ashcroft, N. David Mermin",Condensed-matter depth,Graduate / advanced undergraduate,"The enduring deep reference for electrons in solids, band structure, lattice dynamics, transport, magnetism, and Fermi liquids.",https://www.amazon.com/s?k=Solid+State+Physics+Neil+W.+Ashcroft%2C+N.+David+Mermin,,No legal full text located,https://www.damtp.cam.ac.uk/user/tong/aqm.html
16,Chemistry + materials,1,Materials Science and Engineering: An Introduction,"William D. Callister Jr., David G. Rethwisch",Materials primary spine,Undergraduate,"The standard processing–structure–properties–performance foundation across metals, ceramics, polymers, composites, and electronic materials.",https://www.amazon.com/s?k=Materials+Science+and+Engineering%3A+An+Introduction+William+D.+Callister+Jr.%2C+David+G.+Rethwisch,,No legal full text located,https://ocw.mit.edu/courses/3-091-introduction-to-solid-state-chemistry-fall-2018/
16,Chemistry + materials,2,"Engineering Materials 1: An Introduction to Properties, Applications and Design","Michael F. Ashby, David R. H. Jones",Engineering intuition,Undergraduate,"Builds transferable intuition for stiffness, strength, fracture, fatigue, creep, and material selection.",https://www.amazon.com/s?k=Engineering+Materials+1%3A+An+Introduction+to+Properties%2C+Applications+and+Design+Michael+F.+Ashby%2C+David+R.+H.+Jones,,No legal full text located,https://ocw.mit.edu/courses/3-091-introduction-to-solid-state-chemistry-fall-2018/
16,Chemistry + materials,3,Materials Selection in Mechanical Design,Michael F. Ashby,Design / selection,Upper undergraduate / professional,"Turns materials knowledge into a quantitative design process using property charts, objectives, and constraints.",https://www.amazon.com/s?k=Materials+Selection+in+Mechanical+Design+Michael+F.+Ashby,,No legal full text located,https://ocw.mit.edu/courses/3-091-introduction-to-solid-state-chemistry-fall-2018/
16,Chemistry + materials,4,Atkins' Physical Chemistry,"Peter Atkins, Julio de Paula, James Keeler",Chemistry depth,Undergraduate / graduate,"Core thermodynamics, kinetics, quantum chemistry, spectroscopy, and molecular statistical mechanics.",https://www.amazon.com/s?k=Atkins%27+Physical+Chemistry+Peter+Atkins%2C+Julio+de+Paula%2C+James+Keeler,,No legal full text located,https://openstax.org/details/books/chemistry-2e
16,Chemistry + materials,5,Chemistry 2e,OpenStax,Open chemistry spine,Undergraduate,"Full legal general-chemistry text covering atomic/molecular structure, thermochemistry, equilibrium, kinetics, electrochemistry, and more.",https://www.amazon.com/s?k=Chemistry+2e+OpenStax,https://openstax.org/details/books/chemistry-2e,Full open text,https://openstax.org/details/books/chemistry-2e
17,Molecular + cell biology,1,Molecular Biology of the Cell,Bruce Alberts et al.,Primary reference,Undergraduate / graduate,"The canonical broad reference for cell structure, molecular mechanisms, signaling, cell cycle, development, and experimental biology.",https://www.amazon.com/s?k=Molecular+Biology+of+the+Cell+Bruce+Alberts+et+al.,,No legal current full text located,https://openstax.org/details/books/biology-2e
17,Molecular + cell biology,2,Molecular Cell Biology,Harvey Lodish et al.,Mechanistic spine,Undergraduate,"Excellent molecular-to-cellular explanation with strong biochemistry, gene regulation, signaling, membranes, and disease connections.",https://www.amazon.com/s?k=Molecular+Cell+Biology+Harvey+Lodish+et+al.,,No legal full text located,https://openstax.org/details/books/biology-2e
17,Molecular + cell biology,3,Essential Cell Biology,Bruce Alberts et al.,First-pass cell biology,Undergraduate,More compact and learnable than MBoC while preserving the key cellular mechanisms.,https://www.amazon.com/s?k=Essential+Cell+Biology+Bruce+Alberts+et+al.,,No legal full text located,https://openstax.org/details/books/biology-2e
17,Molecular + cell biology,4,Physical Biology of the Cell,"Rob Phillips, Jane Kondev, Julie Theriot, Hernan G. Garcia",Quantitative biology,Upper undergraduate / graduate,"Crucial bridge from physics/math to cells: scaling, statistical mechanics, mechanics, information, and biological networks.",https://www.amazon.com/s?k=Physical+Biology+of+the+Cell+Rob+Phillips%2C+Jane+Kondev%2C+Julie+Theriot%2C+Hernan+G.+Garcia,,No legal full text located,https://openstax.org/details/books/biology-2e
17,Molecular + cell biology,5,The Cell: A Molecular Approach,"Geoffrey M. Cooper, Robert E. Hausman",Alternative cell text,Undergraduate,Strong conventional cell-biology course text; an older edition is legally available through NCBI Bookshelf.,https://www.amazon.com/s?k=The+Cell%3A+A+Molecular+Approach+Geoffrey+M.+Cooper%2C+Robert+E.+Hausman,https://www.ncbi.nlm.nih.gov/books/,Older edition legally free via NCBI,https://openstax.org/details/books/biology-2e
18,Genetics + evolution + systems biology,1,Genetics: A Conceptual Approach,Benjamin A. Pierce,Genetics primary spine,Undergraduate,"Excellent conceptual genetics from Mendel through molecular genetics, genomics, quantitative and population genetics.",https://www.amazon.com/s?k=Genetics%3A+A+Conceptual+Approach+Benjamin+A.+Pierce,,No legal full text located,https://openstax.org/details/books/biology-2e
18,Genetics + evolution + systems biology,2,Principles of Population Genetics,"Daniel L. Hartl, Andrew G. Clark",Population genetics depth,Upper undergraduate / graduate,"Core theory connecting allele frequencies, selection, drift, mutation, migration, linkage, and molecular evolution.",https://www.amazon.com/s?k=Principles+of+Population+Genetics+Daniel+L.+Hartl%2C+Andrew+G.+Clark,,No legal full text located,https://openstax.org/details/books/biology-2e
18,Genetics + evolution + systems biology,3,Evolution,"Douglas J. Futuyma, Mark Kirkpatrick",Evolution spine,Undergraduate / graduate,"Broad modern evolutionary biology with evidence, mechanisms, phylogenetics, adaptation, speciation, and macroevolution.",https://www.amazon.com/s?k=Evolution+Douglas+J.+Futuyma%2C+Mark+Kirkpatrick,,No legal full text located,https://open.lib.umn.edu/evolutionbiology/
18,Genetics + evolution + systems biology,4,An Introduction to Systems Biology: Design Principles of Biological Circuits,Uri Alon,Systems-biology spine,Upper undergraduate / graduate,"Foundational motifs, feedback/feedforward loops, robustness, adaptation, and network design principles.",https://www.amazon.com/s?k=An+Introduction+to+Systems+Biology%3A+Design+Principles+of+Biological+Circuits+Uri+Alon,,No legal full text located,https://ocw.mit.edu/courses/8-591j-systems-biology-fall-2014/
18,Genetics + evolution + systems biology,5,Evolutionary Dynamics: Exploring the Equations of Life,Martin A. Nowak,Mathematical evolution,Upper undergraduate / graduate,"Connects evolutionary processes to dynamical systems, games, mutation-selection, spatial structure, and cooperation.",https://www.amazon.com/s?k=Evolutionary+Dynamics%3A+Exploring+the+Equations+of+Life+Martin+A.+Nowak,,No legal full text located,https://open.lib.umn.edu/evolutionbiology/
19,Neuroscience + physiology,1,Neuroscience,Dale Purves et al.,Neuroscience primary spine,Undergraduate,"Broad, readable systems neuroscience from cells and synapses to sensation, action, development, and cognition.",https://www.amazon.com/s?k=Neuroscience+Dale+Purves+et+al.,,No legal current full text located,https://neuronaldynamics.epfl.ch/online/index.html
19,Neuroscience + physiology,2,Principles of Neural Science,Eric R. Kandel et al.,Deep reference,Graduate / medical,"The enormous canonical reference across cellular, systems, cognitive, developmental, and clinical neuroscience.",https://www.amazon.com/s?k=Principles+of+Neural+Science+Eric+R.+Kandel+et+al.,,No legal full text located,https://neuronaldynamics.epfl.ch/online/index.html
19,Neuroscience + physiology,3,Neuroscience: Exploring the Brain,"Mark F. Bear, Barry W. Connors, Michael A. Paradiso",Undergraduate alternate,Undergraduate,"Strong explanatory text with particularly good sensory, motor, plasticity, and systems treatment.",https://www.amazon.com/s?k=Neuroscience%3A+Exploring+the+Brain+Mark+F.+Bear%2C+Barry+W.+Connors%2C+Michael+A.+Paradiso,,No legal full text located,https://neuronaldynamics.epfl.ch/online/index.html
19,Neuroscience + physiology,4,Neuronal Dynamics: From Single Neurons to Networks and Models of Cognition,"Wulfram Gerstner, Werner M. Kistler, Richard Naud, Liam Paninski",Computational neuroscience,Upper undergraduate / graduate,"Excellent mathematical bridge from spiking neurons through population dynamics, plasticity, decoding, and decision models.",https://www.amazon.com/s?k=Neuronal+Dynamics%3A+From+Single+Neurons+to+Networks+and+Models+of+Cognition+Wulfram+Gerstner%2C+Werner+M.+Kistler%2C+Richard+Naud%2C+Liam+Paninski,https://neuronaldynamics.epfl.ch/online/index.html,Full legal online text,https://neuronaldynamics.epfl.ch/online/index.html
19,Neuroscience + physiology,5,Human Physiology: An Integrated Approach,Dee Unglaub Silverthorn,Physiology spine,Undergraduate,System-level physiology with especially strong homeostasis and integrative-regulation framing.,https://www.amazon.com/s?k=Human+Physiology%3A+An+Integrated+Approach+Dee+Unglaub+Silverthorn,,No legal full text located,https://openstax.org/details/books/anatomy-and-physiology-2e
20,Electronics + embedded systems,1,The Art of Electronics,"Paul Horowitz, Winfield Hill",Electronics primary reference,Undergraduate / professional,"Unmatched practical intuition for analog/digital electronics, devices, op-amps, noise, power, interfaces, and instrumentation.",https://www.amazon.com/s?k=The+Art+of+Electronics+Paul+Horowitz%2C+Winfield+Hill,,No legal full text located,https://www.allaboutcircuits.com/textbook/
20,Electronics + embedded systems,2,Microelectronic Circuits,"Adel S. Sedra, Kenneth C. Smith",Circuit theory spine,Undergraduate,"Standard rigorous electronics text for semiconductor devices, amplifiers, op-amps, filters, feedback, and digital circuits.",https://www.amazon.com/s?k=Microelectronic+Circuits+Adel+S.+Sedra%2C+Kenneth+C.+Smith,,No legal full text located,https://www.allaboutcircuits.com/textbook/
20,Electronics + embedded systems,3,Fundamentals of Microelectronics,Behzad Razavi,Device-to-circuit intuition,Undergraduate,Exceptionally clear semiconductor and analog-circuit explanations with strong design intuition.,https://www.amazon.com/s?k=Fundamentals+of+Microelectronics+Behzad+Razavi,,No legal full text located,https://www.allaboutcircuits.com/textbook/
20,Electronics + embedded systems,4,Embedded Systems: Real-Time Interfacing to Arm Cortex-M Microcontrollers,Jonathan W. Valvano,Embedded spine,Undergraduate,"Hardware/software co-design, interrupts, timing, ADC/DAC, serial interfaces, real-time systems, and microcontroller projects.",https://www.amazon.com/s?k=Embedded+Systems%3A+Real-Time+Interfacing+to+Arm+Cortex-M+Microcontrollers+Jonathan+W.+Valvano,,No legal full text located,https://www.allaboutcircuits.com/textbook/
20,Electronics + embedded systems,5,Making Embedded Systems: Design Patterns for Great Software,Elecia White,Industry practice,Professional / undergraduate,"Real embedded-engineering concerns: architecture, peripherals, debugging, resource limits, state machines, and team design.",https://www.amazon.com/s?k=Making+Embedded+Systems%3A+Design+Patterns+for+Great+Software+Elecia+White,,No legal full text located,https://www.allaboutcircuits.com/textbook/
21,Mechanical design + fluids + structures,1,Shigley's Mechanical Engineering Design,"Richard G. Budynas, J. Keith Nisbett",Mechanical design spine,Undergraduate,"Core machine-element design: stress, fatigue, shafts, gears, bearings, fasteners, springs, and design reliability.",https://www.amazon.com/s?k=Shigley%27s+Mechanical+Engineering+Design+Richard+G.+Budynas%2C+J.+Keith+Nisbett,,No legal full text located,https://books.open.tudelft.nl/home/catalog/book/197
21,Mechanical design + fluids + structures,2,Mechanics of Materials,R. C. Hibbeler,Structures / stress spine,Undergraduate,"Clear foundation in stress, strain, torsion, bending, shear, deflection, buckling, and failure.",https://www.amazon.com/s?k=Mechanics+of+Materials+R.+C.+Hibbeler,,No legal full text located,https://books.open.tudelft.nl/home/catalog/book/197
21,Mechanical design + fluids + structures,3,Fluid Mechanics,Frank M. White,Fluids spine,Undergraduate,"Broad engineering fluids: control-volume analysis, dimensional analysis, viscous flow, boundary layers, compressible flow, turbomachinery.",https://www.amazon.com/s?k=Fluid+Mechanics+Frank+M.+White,,No legal full text located,https://books.open.tudelft.nl/home/catalog/book/197
21,Mechanical design + fluids + structures,4,Fluid Mechanics: Fundamentals and Applications,"Yunus A. Çengel, John M. Cimbala",Applied fluids,Undergraduate,"Accessible engineering treatment with extensive applications, energy equations, pipe flow, external flow, and turbomachinery.",https://www.amazon.com/s?k=Fluid+Mechanics%3A+Fundamentals+and+Applications+Yunus+A.+%C3%87engel%2C+John+M.+Cimbala,,No legal full text located,https://books.open.tudelft.nl/home/catalog/book/197
21,Mechanical design + fluids + structures,5,Introduction to Aerospace Structures and Materials,René Alderliesten,Open structures/materials bridge,Undergraduate,"Legally open TU Delft text integrating loads, stress/strain, beams, structural concepts, fatigue, and aerospace materials.",https://www.amazon.com/s?k=Introduction+to+Aerospace+Structures+and+Materials+Ren%C3%A9+Alderliesten,https://books.open.tudelft.nl/home/catalog/book/197,Full open text,https://books.open.tudelft.nl/home/catalog/book/197
22,Metrology + experiments,1,NIST/SEMATECH e-Handbook of Statistical Methods,"NIST, SEMATECH",Primary reference,Undergraduate / professional,"Authoritative practical reference for measurement, uncertainty, exploratory analysis, calibration, DOE, reliability, and process statistics.",https://www.amazon.com/s?k=NIST%2FSEMATECH+e-Handbook+of+Statistical+Methods+NIST%2C+SEMATECH,https://www.itl.nist.gov/div898/handbook/,Full legal online handbook,https://www.itl.nist.gov/div898/handbook/
22,Metrology + experiments,2,Design and Analysis of Experiments,Douglas C. Montgomery,DOE spine,Upper undergraduate / graduate,"The standard engineering text for factorials, blocking, response surfaces, robust experiments, and statistical design.",https://www.amazon.com/s?k=Design+and+Analysis+of+Experiments+Douglas+C.+Montgomery,,No legal full text located,https://www.itl.nist.gov/div898/handbook/
22,Metrology + experiments,3,"Statistics for Experimenters: Design, Innovation, and Discovery","George E. P. Box, J. Stuart Hunter, William G. Hunter",Experimental thinking,Graduate / professional,"Develops sequential experimentation, factorial reasoning, response surfaces, and the philosophy of learning from intervention.",https://www.amazon.com/s?k=Statistics+for+Experimenters%3A+Design%2C+Innovation%2C+and+Discovery+George+E.+P.+Box%2C+J.+Stuart+Hunter%2C+William+G.+Hunter,,No legal full text located,https://www.itl.nist.gov/div898/handbook/
22,Metrology + experiments,4,An Introduction to Error Analysis,John R. Taylor,Measurement uncertainty,Undergraduate,"Best compact introduction to uncertainty, propagation, distributions, fits, and reporting physical measurements.",https://www.amazon.com/s?k=An+Introduction+to+Error+Analysis+John+R.+Taylor,,No legal full text located,https://www.itl.nist.gov/div898/handbook/
22,Metrology + experiments,5,Data Reduction and Error Analysis for the Physical Sciences,"Philip R. Bevington, D. Keith Robinson",Data-analysis depth,Undergraduate / graduate,"Classic scientific-data treatment of uncertainties, fitting, likelihood, regression, and computational analysis.",https://www.amazon.com/s?k=Data+Reduction+and+Error+Analysis+for+the+Physical+Sciences+Philip+R.+Bevington%2C+D.+Keith+Robinson,,No legal full text located,https://www.itl.nist.gov/div898/handbook/
23,Manufacturing + operations,1,Factory Physics,"Wallace J. Hopp, Mark L. Spearman",Operations / flow spine,Upper undergraduate / graduate,"Essential laws of manufacturing systems: variability, buffers, cycle time, WIP, capacity, push/pull, and flow.",https://www.amazon.com/s?k=Factory+Physics+Wallace+J.+Hopp%2C+Mark+L.+Spearman,,No legal full text located,https://www.open.edu/openlearn/science-maths-technology/design-innovation/manufacturing/content-section-0
23,Manufacturing + operations,2,"Fundamentals of Modern Manufacturing: Materials, Processes, and Systems",Mikell P. Groover,Manufacturing spine,Undergraduate,"Broad manufacturing processes, materials, production systems, quality, automation, and economics.",https://www.amazon.com/s?k=Fundamentals+of+Modern+Manufacturing%3A+Materials%2C+Processes%2C+and+Systems+Mikell+P.+Groover,,No legal full text located,https://www.open.edu/openlearn/science-maths-technology/design-innovation/manufacturing/content-section-0
23,Manufacturing + operations,3,Manufacturing Engineering and Technology,"Serope Kalpakjian, Steven R. Schmid",Process depth,Undergraduate,"Comprehensive process reference from casting/forming/machining to polymers, additive processes, surfaces, quality, and automation.",https://www.amazon.com/s?k=Manufacturing+Engineering+and+Technology+Serope+Kalpakjian%2C+Steven+R.+Schmid,,No legal full text located,https://www.open.edu/openlearn/science-maths-technology/design-innovation/manufacturing/content-section-0
23,Manufacturing + operations,4,Operations Management,"Nigel Slack, Alistair Brandon-Jones, Nicola Burgess",Operations-management spine,Undergraduate / MBA,"Strong framework for capacity, process design, supply networks, quality, inventory, planning, improvement, and operations strategy.",https://www.amazon.com/s?k=Operations+Management+Nigel+Slack%2C+Alistair+Brandon-Jones%2C+Nicola+Burgess,,No legal full text located,https://www.open.edu/openlearn/mod/oucontent/view.php?id=68885
23,Manufacturing + operations,5,Operations Management: Sustainability and Supply Chain Management,"Jay Heizer, Barry Render, Chuck Munson",Applied operations,Undergraduate,"Large applied toolkit for forecasting, capacity, location, inventory, scheduling, quality, supply chain, and project management.",https://www.amazon.com/s?k=Operations+Management%3A+Sustainability+and+Supply+Chain+Management+Jay+Heizer%2C+Barry+Render%2C+Chuck+Munson,,No legal full text located,https://www.open.edu/openlearn/mod/oucontent/view.php?id=68885
24,Safety + reliability + security,1,An Introduction to System Safety Engineering,Nancy G. Leveson,Safety primary spine,Upper undergraduate / graduate,"Modern system-safety foundation centered on hazards, constraints, accidents, STPA/STAMP, and sociotechnical causality.",https://www.amazon.com/s?k=An+Introduction+to+System+Safety+Engineering+Nancy+G.+Leveson,,No legal full text located,https://mitpress.mit.edu/9780262016629/engineering-a-safer-world/
24,Safety + reliability + security,2,Engineering a Safer World: Systems Thinking Applied to Safety,Nancy G. Leveson,Open systems-safety depth,Graduate / professional,"Landmark systems-theoretic account of accident causation, control structures, organizational factors, and safety constraints.",https://www.amazon.com/s?k=Engineering+a+Safer+World%3A+Systems+Thinking+Applied+to+Safety+Nancy+G.+Leveson,https://mitpress.mit.edu/9780262016629/engineering-a-safer-world/,Full open text,https://mitpress.mit.edu/9780262016629/engineering-a-safer-world/
24,Safety + reliability + security,3,Practical Reliability Engineering,"Patrick D. T. O'Connor, Andre Kleyner",Reliability spine,Professional / upper undergraduate,"Applied reliability prediction, testing, failure data, maintainability, FMEA, reliability growth, and life-cycle methods.",https://www.amazon.com/s?k=Practical+Reliability+Engineering+Patrick+D.+T.+O%27Connor%2C+Andre+Kleyner,,No legal full text located,https://mitpress.mit.edu/9780262016629/engineering-a-safer-world/
24,Safety + reliability + security,4,"Risk Analysis in Engineering: Techniques, Tools, and Trends",Mohammad Modarres,Risk analysis,Graduate / professional,"Quantitative risk, uncertainty, fault/event trees, common-cause failure, and decision support.",https://www.amazon.com/s?k=Risk+Analysis+in+Engineering%3A+Techniques%2C+Tools%2C+and+Trends+Mohammad+Modarres,,No legal full text located,https://mitpress.mit.edu/9780262016629/engineering-a-safer-world/
24,Safety + reliability + security,5,Security Engineering,Ross Anderson,Security spine,Upper undergraduate / professional,"Deep systems-security reasoning spanning protocols, authentication, hardware, banking, physical systems, economics, and adversaries.",https://www.amazon.com/s?k=Security+Engineering+Ross+Anderson,https://www.cl.cam.ac.uk/archive/rja14/book.html,Author-hosted free editions,https://www.cl.cam.ac.uk/archive/rja14/book.html
25,Economics + institutions,1,Intermediate Microeconomics: A Modern Approach,Hal R. Varian,Microeconomics spine,Undergraduate,"Core choice, incentives, demand, production, markets, uncertainty, game theory, information, and welfare.",https://www.amazon.com/s?k=Intermediate+Microeconomics%3A+A+Modern+Approach+Hal+R.+Varian,,No legal full text located,https://www.core-econ.org/ebooks/
25,Economics + institutions,2,The Economy 2.0: Microeconomics,CORE Econ,Open economics spine,Undergraduate,"Modern, empirically grounded and legally free microeconomics with institutions, power, inequality, markets, externalities, and policy.",https://www.amazon.com/s?k=The+Economy+2.0%3A+Microeconomics+CORE+Econ,https://www.core-econ.org/ebooks/,Full open text,https://www.core-econ.org/ebooks/
25,Economics + institutions,3,Governing the Commons: The Evolution of Institutions for Collective Action,Elinor Ostrom,Institutional governance,Upper undergraduate / graduate,Foundational empirical theory of how groups can govern shared resources without reducing every problem to state-vs-market.,https://www.amazon.com/s?k=Governing+the+Commons%3A+The+Evolution+of+Institutions+for+Collective+Action+Elinor+Ostrom,,No legal full text located,https://www.core-econ.org/ebooks/
25,Economics + institutions,4,The Logic of Political Survival,"Bruce Bueno de Mesquita, Alastair Smith, Randolph M. Siverson, James D. Morrow",Political incentives,Graduate / advanced undergraduate,"A formal theory of political survival, selectorates, coalition size, public/private goods, and leader incentives.",https://www.amazon.com/s?k=The+Logic+of+Political+Survival+Bruce+Bueno+de+Mesquita%2C+Alastair+Smith%2C+Randolph+M.+Siverson%2C+James+D.+Morrow,,No legal full text located,https://www.core-econ.org/ebooks/
25,Economics + institutions,5,"Exit, Voice, and Loyalty",Albert O. Hirschman,Institutional response,Undergraduate / graduate,"Small but powerful model of organizational decline and member responses: leave, protest, remain loyal, or combinations thereof.",https://www.amazon.com/s?k=Exit%2C+Voice%2C+and+Loyalty+Albert+O.+Hirschman,,No legal full text located,https://www.core-econ.org/ebooks/
26,"History, power + human judgment",1,The Blackwell Encyclopaedia of Political Thought,"David Miller, Janet Coleman, William Connolly, Alan Ryan (eds.)",Political-thought reference,Undergraduate / graduate,Broad reference across political concepts and traditions; useful precisely because no single ideological lens is sufficient.,https://www.amazon.com/s?k=The+Blackwell+Encyclopaedia+of+Political+Thought+David+Miller%2C+Janet+Coleman%2C+William+Connolly%2C+Alan+Ryan+%28eds.%29,,No legal full text located,https://designjustice.mitpress.mit.edu/
26,"History, power + human judgment",2,A People's History of the United States,Howard Zinn,Counter-history lens,Undergraduate,"A deliberately oppositional narrative useful for practicing source criticism, missing-actor analysis, and perspective shifts; pair with primary sources and competing histories.",https://www.amazon.com/s?k=A+People%27s+History+of+the+United+States+Howard+Zinn,,No legal full text located,https://designjustice.mitpress.mit.edu/
26,"History, power + human judgment",3,Design Justice: Community-Led Practices to Build the Worlds We Need,Sasha Costanza-Chock,Sociotechnical design,Undergraduate / graduate,"Directly relevant to who defines problems, who participates, who benefits, who bears harms, and how design processes encode power.",https://www.amazon.com/s?k=Design+Justice%3A+Community-Led+Practices+to+Build+the+Worlds+We+Need+Sasha+Costanza-Chock,https://designjustice.mitpress.mit.edu/,Full open text,https://designjustice.mitpress.mit.edu/
26,"History, power + human judgment",4,The Roots of Evil: The Origins of Genocide and Other Group Violence,Ervin Staub,Violence / bystander psychology,Graduate / advanced undergraduate,"Mechanistic account of difficult life conditions, group processes, ideology, bystanders, escalation, and mass violence.",https://www.amazon.com/s?k=The+Roots+of+Evil%3A+The+Origins+of+Genocide+and+Other+Group+Violence+Ervin+Staub,,No legal full text located,https://designjustice.mitpress.mit.edu/
26,"History, power + human judgment",5,Difficult Conversations: How to Discuss What Matters Most,"Douglas Stone, Bruce Patton, Sheila Heen",Conflict practice,Undergraduate / professional,"Highly usable framework for factual disagreement, identity threat, emotions, contribution, and learning-oriented conflict.",https://www.amazon.com/s?k=Difficult+Conversations%3A+How+to+Discuss+What+Matters+Most+Douglas+Stone%2C+Bruce+Patton%2C+Sheila+Heen,,No legal full text located,https://www.cnvc.org/learn/what-is-nvc
